step,reason,상권_코드,상권_코드_명,상권_구분_코드_명,자치구_코드_명,영역_면적
Step1,유형제외(전통시장·관광특구),3130293,봉천중앙시장,전통시장,관악구,17101
Step1,유형제외(전통시장·관광특구),3130294,관악중부시장,전통시장,관악구,27900
Step1,유형제외(전통시장·관광특구),3130295,인헌시장(원당종합시장),전통시장,관악구,42171
Step1,유형제외(전통시장·관광특구),3130296,남부종합시장,전통시장,서초구,6658
Step1,유형제외(전통시장·관광특구),3130301,양재시장,전통시장,서초구,8409
Step1,유형제외(전통시장·관광특구),3130302,강남시장(강남구 강남시장),전통시장,강남구,3961
Step1,유형제외(전통시장·관광특구),3130303,영동전통시장,전통시장,강남구,39097
Step1,유형제외(전통시장·관광특구),3130304,신사상가,전통시장,강남구,2739
Step1,유형제외(전통시장·관광특구),3130305,논현종합시장,전통시장,강남구,6787
Step1,유형제외(전통시장·관광특구),3130306,강남언주로,전통시장,강남구,22922
Step1,유형제외(전통시장·관광특구),3130307,도곡시장,전통시장,강남구,7462
Step1,유형제외(전통시장·관광특구),3130308,청담삼익시장,전통시장,강남구,7529
Step1,유형제외(전통시장·관광특구),3130314,풍납시장,전통시장,송파구,120813
Step1,유형제외(전통시장·관광특구),3130315,문정동 로데오거리 상점가(문정동 로데오거리),전통시장,송파구,75829
Step1,유형제외(전통시장·관광특구),3130316,마천시장,전통시장,송파구,9557
Step1,유형제외(전통시장·관광특구),3130317,마천중앙시장,전통시장,송파구,33745
Step1,유형제외(전통시장·관광특구),3130318,로데오거리상점가,전통시장,강동구,56564
Step1,유형제외(전통시장·관광특구),3130319,성내전통시장,전통시장,강동구,31651
Step1,유형제외(전통시장·관광특구),3130320,암사종합시장,전통시장,강동구,37201
Step1,유형제외(전통시장·관광특구),3130321,장신구 특화거리 상점가,전통시장,강동구,38487
Step1,유형제외(전통시장·관광특구),3130322,고분다리전통시장,전통시장,강동구,20499
Step1,유형제외(전통시장·관광특구),3130323,둔촌역전통시장,전통시장,강동구,36613
Step1,유형제외(전통시장·관광특구),3130215,대원종합시장,전통시장,강서구,3092
Step1,유형제외(전통시장·관광특구),3130309,은마종합상점가,전통시장,강남구,30661
Step1,유형제외(전통시장·관광특구),3130310,강남개포시장,전통시장,강남구,25364
Step1,유형제외(전통시장·관광특구),3130311,새마을시장,전통시장,송파구,79375
Step1,유형제외(전통시장·관광특구),3130312,석촌시장,전통시장,송파구,46711
Step1,유형제외(전통시장·관광특구),3130313,방이시장,전통시장,송파구,143645
Step1,유형제외(전통시장·관광특구),3130324,길동복조리시장,전통시장,강동구,29464
Step1,유형제외(전통시장·관광특구),3130325,명일전통시장,전통시장,강동구,27547
Step1,유형제외(전통시장·관광특구),3130326,고덕 골목형상점가,전통시장,강동구,29082
Step1,유형제외(전통시장·관광특구),3130327,"평화시장(남평화시장, 제일평화시장, 신평화패션타운)",전통시장,중구,36213
Step1,유형제외(전통시장·관광특구),3130289,봉일시장,전통시장,관악구,4844
Step1,유형제외(전통시장·관광특구),3130290,영림시장,전통시장,관악구,72197
Step1,유형제외(전통시장·관광특구),3130291,봉천제일종합시장,전통시장,관악구,3079
Step1,유형제외(전통시장·관광특구),3130292,봉천현대시장,전통시장,관악구,5418
Step1,유형제외(전통시장·관광특구),3130131,동북프라자,전통시장,강북구,8454
Step1,유형제외(전통시장·관광특구),3130132,삼양골목시장(삼양시장),전통시장,강북구,47564
Step1,유형제외(전통시장·관광특구),3130133,우이골목시장(우이시장),전통시장,강북구,54278
Step1,유형제외(전통시장·관광특구),3130134,"솔샘시장(미아6,7동골목시장)",전통시장,강북구,21168
Step1,유형제외(전통시장·관광특구),3130223,고척근린시장,전통시장,구로구,29145
Step1,유형제외(전통시장·관광특구),3130224,개봉프라자(고척근린시장),전통시장,구로구,2954
Step1,유형제외(전통시장·관광특구),3130225,개봉중앙시장,전통시장,구로구,79713
Step1,유형제외(전통시장·관광특구),3130226,고척프라자,전통시장,구로구,6013
Step1,유형제외(전통시장·관광특구),3130227,고척골목시장상점가(그라운드 고척),전통시장,구로구,17693
Step1,유형제외(전통시장·관광특구),3130228,구로시장,전통시장,구로구,13770
Step1,유형제외(전통시장·관광특구),3130053,백학시장,전통시장,중구,42212
Step1,유형제외(전통시장·관광특구),3130054,황학동주방가구거리상점가,전통시장,중구,72884
Step1,유형제외(전통시장·관광특구),3130055,"황학시장(서울중앙시장, 신중앙시장)",전통시장,중구,39709
Step1,유형제외(전통시장·관광특구),3130056,용산용문시장,전통시장,용산구,40246
Step1,유형제외(전통시장·관광특구),3130057,만리시장,전통시장,용산구,6775
Step1,유형제외(전통시장·관광특구),3130135,수유중앙골목시장(수유중앙시장),전통시장,강북구,30758
Step1,유형제외(전통시장·관광특구),3130136,수유재래시장,전통시장,강북구,10960
Step1,유형제외(전통시장·관광특구),3130137,"수유전통시장(수유시장, 수유골목시장)",전통시장,강북구,37023
Step1,유형제외(전통시장·관광특구),3130138,수유프라자,전통시장,강북구,2065
Step1,유형제외(전통시장·관광특구),3130139,강북종합전통시장(강북종합골목시장),전통시장,강북구,74901
Step1,유형제외(전통시장·관광특구),3130229,남구로시장,전통시장,구로구,45490
Step1,유형제외(전통시장·관광특구),3130230,가리봉시장,전통시장,구로구,20139
Step1,유형제외(전통시장·관광특구),3130231,독산동 우시장,전통시장,금천구,63392
Step1,유형제외(전통시장·관광특구),3130232,독산동 맛나는거리상점가(독산동 맛나는거리),전통시장,금천구,29410
Step1,유형제외(전통시장·관광특구),3130058,이촌종합시장,전통시장,용산구,7486
Step1,유형제외(전통시장·관광특구),3130059,후암시장,전통시장,용산구,33290
Step1,유형제외(전통시장·관광특구),3130060,신흥시장,전통시장,용산구,3810
Step1,유형제외(전통시장·관광특구),3130061,이태원시장,전통시장,용산구,10573
Step1,유형제외(전통시장·관광특구),3130062,보광시장,전통시장,용산구,10506
Step1,유형제외(전통시장·관광특구),3130063,신금호역 골목형상점가,전통시장,성동구,15024
Step1,유형제외(전통시장·관광특구),3130064,금남시장,전통시장,성동구,11274
Step1,유형제외(전통시장·관광특구),3130065,무학봉상점가,전통시장,성동구,69338
Step1,유형제외(전통시장·관광특구),3130216,화곡중앙시장,전통시장,강서구,34409
Step1,유형제외(전통시장·관광특구),3130217,화곡본동시장,전통시장,강서구,21265
Step1,유형제외(전통시장·관광특구),3130218,신월중앙시장,전통시장,강서구,6449
Step1,유형제외(전통시장·관광특구),3130219,까치산시장,전통시장,강서구,39544
Step1,유형제외(전통시장·관광특구),3130220,등마루시장,전통시장,강서구,14496
Step1,유형제외(전통시장·관광특구),3130221,"남부골목시장(남부화곡시장, 남부시장)",전통시장,강서구,81027
Step1,유형제외(전통시장·관광특구),3130222,오류시장,전통시장,구로구,20163
Step1,유형제외(전통시장·관광특구),3130049,신당 미래유산 먹거리 골목형상점가,전통시장,중구,10196
Step1,유형제외(전통시장·관광특구),3130050,청평화시장,전통시장,중구,14440
Step1,유형제외(전통시장·관광특구),3130051,동화동 골목형상점가,전통시장,중구,60206
Step1,유형제외(전통시장·관광특구),3130052,서울중앙시장(신중앙시장),전통시장,중구,70002
Step1,유형제외(전통시장·관광특구),3130234,푸른터시장(기능상실),전통시장,금천구,6342
Step1,유형제외(전통시장·관광특구),3130235,대명여울빛거리시장(대명시장),전통시장,금천구,51350
Step1,유형제외(전통시장·관광특구),3130236,비단길현대시장(현대시장),전통시장,금천구,71349
Step1,유형제외(전통시장·관광특구),3130237,박미시장(기능상실),전통시장,금천구,7798
Step1,유형제외(전통시장·관광특구),3130238,은행나무시장,전통시장,금천구,36517
Step1,유형제외(전통시장·관광특구),3130239,양남시장,전통시장,영등포구,2975
Step1,유형제외(전통시장·관광특구),3130066,행당시장상점가,전통시장,성동구,81008
Step1,유형제외(전통시장·관광특구),3130067,왕십리도선동상점가,전통시장,성동구,86695
Step1,유형제외(전통시장·관광특구),3130144,백운시장,전통시장,도봉구,16119
Step1,유형제외(전통시장·관광특구),3130145,쌍문역둘리상점가,전통시장,도봉구,32420
Step1,유형제외(전통시장·관광특구),3130146,쌍문시장(쌍문역골목시장),전통시장,도봉구,108994
Step1,유형제외(전통시장·관광특구),3130147,쌍문역동측상점가,전통시장,도봉구,33857
Step1,유형제외(전통시장·관광특구),3130240,영등포유통상가,전통시장,영등포구,47667
Step1,유형제외(전통시장·관광특구),3130241,선유도역 골목형상점가,전통시장,영등포구,73950
Step1,유형제외(전통시장·관광특구),3130242,대림중앙 골목형상점가,전통시장,영등포구,19474
Step1,유형제외(전통시장·관광특구),3130070,뚝섬역상점가,전통시장,성동구,56166
Step1,유형제외(전통시장·관광특구),3130148,방학동도깨비시장,전통시장,도봉구,42546
Step1,유형제외(전통시장·관광특구),3130149,창동신창시장,전통시장,도봉구,58415
Step1,유형제외(전통시장·관광특구),3130245,영일시장,전통시장,영등포구,60601
Step1,유형제외(전통시장·관광특구),3130246,영등포청과시장(조광시장),전통시장,영등포구,96522
Step1,유형제외(전통시장·관광특구),3130243,도림시장,전통시장,영등포구,5598
Step1,유형제외(전통시장·관광특구),3130244,대림중앙시장,전통시장,영등포구,47326
Step1,유형제외(전통시장·관광특구),3130068,마장축산물시장,전통시장,성동구,218303
Step1,유형제외(전통시장·관광특구),3130069,"한양대앞상점가(한양시장, 왕십리맛골목)",전통시장,성동구,23243
Step1,유형제외(전통시장·관광특구),3130140,숭인시장,전통시장,강북구,32450
Step1,유형제외(전통시장·관광특구),3130141,강북북부골목시장,전통시장,강북구,30294
Step1,유형제외(전통시장·관광특구),3130142,강북북부시장,전통시장,강북구,4209
Step1,유형제외(전통시장·관광특구),3130143,방천골목시장,전통시장,강북구,20242
Step1,유형제외(전통시장·관광특구),3130233,남문시장,전통시장,금천구,48355
Step1,유형제외(전통시장·관광특구),3130151,신도봉시장,전통시장,도봉구,8485
Step1,유형제외(전통시장·관광특구),3130152,오!도봉거리 상점가,전통시장,도봉구,24434
Step1,유형제외(전통시장·관광특구),3130153,창동역상점가,전통시장,도봉구,33628
Step1,유형제외(전통시장·관광특구),3130154,상계주공1단지(가)상가,전통시장,노원구,6758
Step1,유형제외(전통시장·관광특구),3130274,사당1동먹자골목상점가(사당1동먹자골목),전통시장,동작구,40304
Step1,유형제외(전통시장·관광특구),3130275,강남골목시장,전통시장,관악구,14823
Step1,유형제외(전통시장·관광특구),3130276,신림중앙시장(조원동 펭귄시장),전통시장,관악구,7150
Step1,유형제외(전통시장·관광특구),3130277,조원동 펭귄시장(신림중앙시장),전통시장,관악구,32672
Step1,유형제외(전통시장·관광특구),3130278,미성동 도깨비시장 골목형상점가,전통시장,관악구,24874
Step1,유형제외(전통시장·관광특구),3130279,관악신사시장,전통시장,관악구,49986
Step1,유형제외(전통시장·관광특구),3130280,신림종합시장,전통시장,관악구,8761
Step1,유형제외(전통시장·관광특구),3130077,조양시장,전통시장,광진구,5328
Step1,유형제외(전통시장·관광특구),3130078,화양제일골목시장,전통시장,광진구,18616
Step1,유형제외(전통시장·관광특구),3130079,한아름시장,전통시장,광진구,11040
Step1,유형제외(전통시장·관광특구),3130080,자양종합시장(기능상실),전통시장,광진구,6160
Step1,유형제외(전통시장·관광특구),3130081,자양골목전통시장(자양골목시장),전통시장,광진구,43688
Step1,유형제외(전통시장·관광특구),3130082,면곡골목시장,전통시장,광진구,7793
Step1,유형제외(전통시장·관광특구),3130083,"중곡제일시장(중곡제일골목시장, 광성시장)",전통시장,광진구,41751
Step1,유형제외(전통시장·관광특구),3130155,시영B상가(중계 그린아파트 B 상가),전통시장,노원구,8516
Step1,유형제외(전통시장·관광특구),3130156,시영2단지 무지개종합상가(중계 무지개2단지아파트상가),전통시장,노원구,15764
Step1,유형제외(전통시장·관광특구),3130157,상계중앙시장,전통시장,노원구,52463
Step1,유형제외(전통시장·관광특구),3130158,상계역전종합상가,전통시장,노원구,11940
Step1,유형제외(전통시장·관광특구),3130159,공릉동 도깨비시장,전통시장,노원구,57720
Step1,유형제외(전통시장·관광특구),3130160,수일시장,전통시장,은평구,11753
Step1,유형제외(전통시장·관광특구),3130161,증산종합시장,전통시장,은평구,8072
Step1,유형제외(전통시장·관광특구),3130162,증산골목시장,전통시장,은평구,7969
Step1,유형제외(전통시장·관광특구),3130255,영등포전통시장,전통시장,영등포구,55174
Step1,유형제외(전통시장·관광특구),3130256,신동시장,전통시장,영등포구,4593
Step1,유형제외(전통시장·관광특구),3130257,영등포시장기계공구상가,전통시장,영등포구,39289
Step1,유형제외(전통시장·관광특구),3130258,영진시장A동,전통시장,영등포구,6326
Step1,유형제외(전통시장·관광특구),3130259,대신시장,전통시장,영등포구,8116
Step1,유형제외(전통시장·관광특구),3130260,신대방1동골목상권,전통시장,동작구,21868
Step1,유형제외(전통시장·관광특구),3130261,성대전통시장(성대시장),전통시장,동작구,53092
Step1,유형제외(전통시장·관광특구),3130084,신성시장(신성골목시장),전통시장,광진구,16181
Step1,유형제외(전통시장·관광특구),3130085,용두시장,전통시장,동대문구,5527
Step1,유형제외(전통시장·관광특구),3130086,서울약령시장,전통시장,동대문구,165313
Step1,유형제외(전통시장·관광특구),3130087,경동광성상가(경동시장),전통시장,동대문구,20976
Step1,유형제외(전통시장·관광특구),3130088,경동시장,전통시장,동대문구,21323
Step1,유형제외(전통시장·관광특구),3130089,청량리수산시장,전통시장,동대문구,30328
Step1,유형제외(전통시장·관광특구),3130090,청량리종합시장,전통시장,동대문구,24349
Step1,유형제외(전통시장·관광특구),3130163,응암오거리상점가,전통시장,은평구,53602
Step1,유형제외(전통시장·관광특구),3130164,역촌중앙시장,전통시장,은평구,5144
Step1,유형제외(전통시장·관광특구),3130247,우리시장,전통시장,영등포구,16285
Step1,유형제외(전통시장·관광특구),3130248,영등포역지하도상점가,전통시장,영등포구,154926
Step1,유형제외(전통시장·관광특구),3130249,동남상가,전통시장,영등포구,1854
Step1,유형제외(전통시장·관광특구),3130250,삼구시장(로타리상가),전통시장,영등포구,5729
Step1,유형제외(전통시장·관광특구),3130253,영신상가(제일상가),전통시장,영등포구,5196
Step1,유형제외(전통시장·관광특구),3130254,남서울상가,전통시장,영등포구,3391
Step1,유형제외(전통시장·관광특구),3130071,성수역 골목형상점가,전통시장,성동구,10659
Step1,유형제외(전통시장·관광특구),3130072,성동용답상가시장,전통시장,성동구,118065
Step1,유형제외(전통시장·관광특구),3130073,뚝도시장,전통시장,성동구,21456
Step1,유형제외(전통시장·관광특구),3130074,영동교골목시장,전통시장,광진구,14261
Step1,유형제외(전통시장·관광특구),3130075,노룬산시장(노룬산골목시장),전통시장,광진구,10816
Step1,유형제외(전통시장·관광특구),3130076,능동로골목시장,전통시장,광진구,28990
Step1,유형제외(전통시장·관광특구),3130150,창동골목시장,전통시장,도봉구,39982
Step1,유형제외(전통시장·관광특구),3130269,강남시장(동작구 강남시장),전통시장,동작구,2889
Step1,유형제외(전통시장·관광특구),3130270,흑석시장,전통시장,동작구,2989
Step1,유형제외(전통시장·관광특구),3130271,남성역골목시장,전통시장,동작구,29047
Step1,유형제외(전통시장·관광특구),3130272,사당시장,전통시장,동작구,5844
Step1,유형제외(전통시장·관광특구),3130273,남성사계시장(남성시장),전통시장,동작구,43008
Step1,유형제외(전통시장·관광특구),3130091,청량종합도매시장,전통시장,동대문구,45678
Step1,유형제외(전통시장·관광특구),3130092,청량리농수산물시장,전통시장,동대문구,32477
Step1,유형제외(전통시장·관광특구),3130093,동서시장,전통시장,동대문구,4579
Step1,유형제외(전통시장·관광특구),3130094,청량리청과물시장,전통시장,동대문구,28297
Step1,유형제외(전통시장·관광특구),3130095,청량리전통시장,전통시장,동대문구,30889
Step1,유형제외(전통시장·관광특구),3130096,동부시장,전통시장,동대문구,6617
Step1,유형제외(전통시장·관광특구),3130097,답십리 건축자재시장,전통시장,동대문구,51943
Step1,유형제외(전통시장·관광특구),3130169,대조시장,전통시장,은평구,54016
Step1,유형제외(전통시장·관광특구),3130170,제일시장,전통시장,은평구,21253
Step1,유형제외(전통시장·관광특구),3130171,불광먹자골목 골목형상점가,전통시장,은평구,45981
Step1,유형제외(전통시장·관광특구),3130172,모래내시장(서중시장),전통시장,서대문구,24841
Step1,유형제외(전통시장·관광특구),3130173,백련시장,전통시장,서대문구,2130
Step1,유형제외(전통시장·관광특구),3130174,연희사러가,전통시장,서대문구,4763
Step1,유형제외(전통시장·관광특구),3130175,신촌 상인회(신촌상점가),전통시장,서대문구,6147
Step1,유형제외(전통시장·관광특구),3130281,우림시장,전통시장,관악구,6466
Step1,유형제외(전통시장·관광특구),3130282,난곡 골목형상점가,전통시장,관악구,11565
Step1,유형제외(전통시장·관광특구),3130283,신원시장,전통시장,관악구,26568
Step1,유형제외(전통시장·관광특구),3130284,관악종합시장(신원시장),전통시장,관악구,2721
Step1,유형제외(전통시장·관광특구),3130100,답십리시장,전통시장,동대문구,22189
Step1,유형제외(전통시장·관광특구),3130101,답십리현대시장,전통시장,동대문구,18344
Step1,유형제외(전통시장·관광특구),3130102,이문제일시장,전통시장,동대문구,7291
Step1,유형제외(전통시장·관광특구),3130176,유진상가,전통시장,서대문구,18531
Step1,유형제외(전통시장·관광특구),3130177,인왕시장(홍제골목형상점가),전통시장,서대문구,22776
Step1,유형제외(전통시장·관광특구),3130178,이대 앞 스타트업 상점가,전통시장,서대문구,7526
Step1,유형제외(전통시장·관광특구),3130179,"이화여대 3,5,7길 상점가",전통시장,서대문구,55638
Step1,유형제외(전통시장·관광특구),3130180,포방터시장,전통시장,서대문구,28614
Step1,유형제외(전통시장·관광특구),3130262,상도도깨비 골목형상점가,전통시장,동작구,23166
Step1,유형제외(전통시장·관광특구),3130263,신노량진시장(기능상실),전통시장,동작구,13242
Step1,유형제외(전통시장·관광특구),3130285,서원동상점가,전통시장,관악구,60026
Step1,유형제외(전통시장·관광특구),3130286,신신림시장(삼성동시장),전통시장,관악구,4126
Step1,유형제외(전통시장·관광특구),3130287,삼성동 시장(삼성동시장),전통시장,관악구,13340
Step1,유형제외(전통시장·관광특구),3130288,신림현대종합상가,전통시장,관악구,3964
Step1,유형제외(전통시장·관광특구),3130098,회기시장,전통시장,동대문구,32212
Step1,유형제외(전통시장·관광특구),3130099,전농로터리시장,전통시장,동대문구,21809
Step1,유형제외(전통시장·관광특구),3130165,"대림골목시장(대림시장, 양지시장)",전통시장,은평구,25330
Step1,유형제외(전통시장·관광특구),3130166,응암시장(신응암시장),전통시장,은평구,8255
Step1,유형제외(전통시장·관광특구),3130167,연신내상점가(연빛거리),전통시장,은평구,100156
Step1,유형제외(전통시장·관광특구),3130168,연서시장,전통시장,은평구,21658
Step1,유형제외(전통시장·관광특구),3130267,본동인정시장(기능상실),전통시장,동작구,24321
Step1,유형제외(전통시장·관광특구),3130268,상도전통시장,전통시장,동작구,48100
Step1,유형제외(전통시장·관광특구),3130182,영천시장,전통시장,서대문구,41803
Step1,유형제외(전통시장·관광특구),3130183,상암동상점가,전통시장,마포구,127514
Step1,유형제외(전통시장·관광특구),3130004,낙원시장(낙원지하시장(대일상가)),전통시장,종로구,8689
Step1,유형제외(전통시장·관광특구),3130005,세운상가가동,전통시장,종로구,17110
Step1,유형제외(전통시장·관광특구),3130007,광장시장(광장전통시장),전통시장,종로구,66373
Step1,유형제외(전통시장·관광특구),3130009,마전교지하쇼핑센터(구 한일상가),전통시장,종로구,4469
Step1,유형제외(전통시장·관광특구),3130010,종로신진시장,전통시장,종로구,45117
Step1,유형제외(전통시장·관광특구),3130011,충신시장,전통시장,종로구,17934
Step1,유형제외(전통시장·관광특구),3130012,"동대문종합시장(동대문종합시장 신관, 동대문종합시장D동상가)",전통시장,종로구,39355
Step1,유형제외(전통시장·관광특구),3130013,동대문상가A동,전통시장,종로구,4486
Step1,유형제외(전통시장·관광특구),3130014,동문시장,전통시장,종로구,8177
Step1,유형제외(전통시장·관광특구),3130109,묵1동도깨비시장,전통시장,중랑구,29000
Step1,유형제외(전통시장·관광특구),3130110,면목골목시장(면목시장),전통시장,중랑구,60053
Step1,유형제외(전통시장·관광특구),3130111,"동원전통종합시장(동원시장, 동원전통시장 상점가)",전통시장,중랑구,90850
Step1,유형제외(전통시장·관광특구),3130184,마포농수산물시장,전통시장,마포구,217669
Step1,유형제외(전통시장·관광특구),3130185,망원월드컵시장,전통시장,마포구,30025
Step1,유형제외(전통시장·관광특구),3130186,망원시장,전통시장,마포구,42916
Step1,유형제외(전통시장·관광특구),3130187,영진시장,전통시장,마포구,6512
Step1,유형제외(전통시장·관광특구),3130188,합정시장,전통시장,마포구,1869
Step1,유형제외(전통시장·관광특구),3130189,서교시장,전통시장,마포구,5460
Step1,유형제외(전통시장·관광특구),3130015,창신골목시장,전통시장,종로구,24588
Step1,유형제외(전통시장·관광특구),3130016,동대문상가B동,전통시장,종로구,4841
Step1,유형제외(전통시장·관광특구),3130017,동대문상가C동,전통시장,종로구,6896
Step1,유형제외(전통시장·관광특구),3130018,동대문문구완구거리(동대문문구완구시장),전통시장,종로구,38586
Step1,유형제외(전통시장·관광특구),3130019,동대문상가D동,전통시장,종로구,8494
Step1,유형제외(전통시장·관광특구),3130020,동묘시장(동묘벼룩시장),전통시장,종로구,31213
Step1,유형제외(전통시장·관광특구),3130112,사가정시장,전통시장,중랑구,59114
Step1,유형제외(전통시장·관광특구),3130113,신아타운,전통시장,중랑구,5817
Step1,유형제외(전통시장·관광특구),3130114,유영시장,전통시장,중랑구,5784
Step1,유형제외(전통시장·관광특구),3130115,우림골목시장,전통시장,중랑구,78310
Step1,유형제외(전통시장·관광특구),3130116,동성타워프라자,전통시장,중랑구,4108
Step1,유형제외(전통시장·관광특구),3130117,정릉시장,전통시장,성북구,53318
Step1,유형제외(전통시장·관광특구),3130190,홍대소상공인상점가,전통시장,마포구,35891
Step1,유형제외(전통시장·관광특구),3130264,상도약수골목형상점가,전통시장,동작구,15512
Step1,유형제외(전통시장·관광특구),3130265,노량진중앙시장,전통시장,동작구,10864
Step1,유형제외(전통시장·관광특구),3130266,만양로상점가,전통시장,동작구,4662
Step1,유형제외(전통시장·관광특구),3130001,통인시장,전통시장,종로구,38280
Step1,유형제외(전통시장·관광특구),3130002,세종마을음식문화거리(금천교시장),전통시장,종로구,49557
Step1,유형제외(전통시장·관광특구),3130103,이경시장,전통시장,동대문구,11622
Step1,유형제외(전통시장·관광특구),3130104,전곡시장,전통시장,동대문구,26448
Step1,유형제외(전통시장·관광특구),3130105,장미제일시장(중화동제일시장),전통시장,중랑구,26867
Step1,유형제외(전통시장·관광특구),3130106,중랑동부시장,전통시장,중랑구,50468
Step1,유형제외(전통시장·관광특구),3130107,중랑동부시장(중랑교종합상가),전통시장,중랑구,7887
Step1,유형제외(전통시장·관광특구),3130108,태능엔터피아(태릉시장),전통시장,중랑구,4443
Step1,유형제외(전통시장·관광특구),3130181,아현가구거리상점가,전통시장,서대문구,45816
Step1,유형제외(전통시장·관광특구),3130025,삼익패션타운(남대문시장),전통시장,중구,17829
Step1,유형제외(전통시장·관광특구),3130031,청계천공구상가,전통시장,중구,29341
Step1,유형제외(전통시장·관광특구),3130118,정릉골 골목형상점가,전통시장,성북구,26683
Step1,유형제외(전통시장·관광특구),3130119,정릉아리랑시장,전통시장,성북구,23266
Step1,유형제외(전통시장·관광특구),3130194,용강동 상점가,전통시장,마포구,54198
Step1,유형제외(전통시장·관광특구),3130195,도화동 상점가,전통시장,마포구,101880
Step1,유형제외(전통시장·관광특구),3130196,공덕시장,전통시장,마포구,7426
Step1,유형제외(전통시장·관광특구),3130197,마포시장,전통시장,마포구,9701
Step1,유형제외(전통시장·관광특구),3130198,아현시장,전통시장,마포구,27671
Step1,유형제외(전통시장·관광특구),3130199,신월3동 골목시장,전통시장,양천구,21147
Step1,유형제외(전통시장·관광특구),3130200,"신월7동 골목시장(약수시장, 우성상가)",전통시장,양천구,13685
Step1,유형제외(전통시장·관광특구),3130032,인현시장,전통시장,중구,19722
Step1,유형제외(전통시장·관광특구),3130033,대림상가(청계상가),전통시장,중구,11005
Step1,유형제외(전통시장·관광특구),3130034,필동 골목형상점가,전통시장,중구,2212
Step1,유형제외(전통시장·관광특구),3130123,꿈의숲 장곡 골목형상점가,전통시장,성북구,12762
Step1,유형제외(전통시장·관광특구),3130201,월정로시장,전통시장,양천구,34925
Step1,유형제외(전통시장·관광특구),3130202,신영시장,전통시장,양천구,45406
Step1,유형제외(전통시장·관광특구),3130203,서서울 골목형상점가,전통시장,양천구,20663
Step1,유형제외(전통시장·관광특구),3130204,경창시장,전통시장,양천구,31087
Step1,유형제외(전통시장·관광특구),3130205,신곡종합시장(신월6동 골목시장),전통시장,양천구,20768
Step1,유형제외(전통시장·관광특구),3130206,신정3동 골목시장,전통시장,양천구,4699
Step1,유형제외(전통시장·관광특구),3130207,신정1동 골목시장(신정제일시장),전통시장,양천구,15853
Step1,유형제외(전통시장·관광특구),3130208,목동깨비시장(목3동시장),전통시장,양천구,52508
Step1,유형제외(전통시장·관광특구),3130036,중부시장(신중부시장),전통시장,중구,92243
Step1,유형제외(전통시장·관광특구),3130038,"평화시장(통일상가, 동화상가)",전통시장,중구,133610
Step1,유형제외(전통시장·관광특구),3130042,약수시장,전통시장,중구,28173
Step1,유형제외(전통시장·관광특구),3130046,team204(팀204),전통시장,중구,4222
Step1,유형제외(전통시장·관광특구),3130035,방산종합시장(방산시장),전통시장,중구,99727
Step1,유형제외(전통시장·관광특구),3130120,돈암시장(돈암제일시장),전통시장,성북구,20332
Step1,유형제외(전통시장·관광특구),3130121,길음시장,전통시장,성북구,7946
Step1,유형제외(전통시장·관광특구),3130122,밤나무골시장,전통시장,성북구,6751
Step1,유형제외(전통시장·관광특구),3130191,홍대 걷고싶은 거리,전통시장,마포구,58130
Step1,유형제외(전통시장·관광특구),3130192,동진시장,전통시장,마포구,4091
Step1,유형제외(전통시장·관광특구),3130193,신수시장,전통시장,마포구,6691
Step1,유형제외(전통시장·관광특구),3130021,신설종합시장,전통시장,종로구,9800
Step1,유형제외(전통시장·관광특구),3130022,숭례문수입상가(남대문시장),전통시장,중구,7685
Step1,유형제외(전통시장·관광특구),3130024,남대문시장(자유상가),전통시장,중구,78068
Step1,유형제외(전통시장·관광특구),3130212,공항시장,전통시장,강서구,25563
Step1,유형제외(전통시장·관광특구),3130213,방신전통시장,전통시장,강서구,18960
Step1,유형제외(전통시장·관광특구),3130214,송화벽화시장(송화골목시장),전통시장,강서구,30423
Step1,유형제외(전통시장·관광특구),3130047,테크노상가(엘리시움),전통시장,중구,10175
Step1,유형제외(전통시장·관광특구),3130048,동평화시장,전통시장,중구,8633
Step1,유형제외(전통시장·관광특구),3130124,번동시장,전통시장,성북구,7426
Step1,유형제외(전통시장·관광특구),3130125,장위전통시장,전통시장,성북구,58889
Step1,유형제외(전통시장·관광특구),3130126,새석관시장,전통시장,성북구,7327
Step1,유형제외(전통시장·관광특구),3130127,석관시장,전통시장,성북구,7879
Step1,유형제외(전통시장·관광특구),3130128,돌곶이시장(석관황금시장),전통시장,성북구,48175
Step1,유형제외(전통시장·관광특구),3130129,장미원골목시장,전통시장,강북구,43525
Step1,유형제외(전통시장·관광특구),3130130,수유북부골목시장,전통시장,강북구,4552
Step1,유형제외(전통시장·관광특구),3130209,목사랑시장(목4동시장),전통시장,양천구,35003
Step1,유형제외(전통시장·관광특구),3130210,목2동시장,전통시장,양천구,42782
Step1,유형제외(전통시장·관광특구),3130211,신정2동 골목시장(오목교중앙시장),전통시장,양천구,21996
Step1,유형제외(전통시장·관광특구),3001491,이태원 관광특구,관광특구,용산구,372565
Step1,유형제외(전통시장·관광특구),3001492,명동 남대문 북창동 다동 무교동 관광특구,관광특구,중구,983618
Step1,유형제외(전통시장·관광특구),3001493,동대문패션타운 관광특구,관광특구,중구,606058
Step1,유형제외(전통시장·관광특구),3001494,종로?청계 관광특구,관광특구,종로구,653127
Step1,유형제외(전통시장·관광특구),3001495,잠실 관광특구,관광특구,송파구,2462734
Step1,유형제외(전통시장·관광특구),3001496,강남 마이스 관광특구,관광특구,강남구,237892
Step2,"면적이상(50,000m2 미만)",3110019,창덕궁,골목상권,종로구,40999
Step2,"면적이상(50,000m2 미만)",3110002,독립문역 1번,골목상권,종로구,31531
Step2,"면적이상(50,000m2 미만)",3110004,대신고등학교,골목상권,종로구,18781
Step2,"면적이상(50,000m2 미만)",3110011,청운초등학교,골목상권,종로구,26913
Step2,"면적이상(50,000m2 미만)",3110013,체부동홍종문가옥,골목상권,종로구,17064
Step2,"면적이상(50,000m2 미만)",3110038,경향신문사,골목상권,중구,36893
Step2,"면적이상(50,000m2 미만)",3110039,회현역 1번,골목상권,중구,9928
Step2,"면적이상(50,000m2 미만)",3110023,서울대병원,골목상권,종로구,15969
Step2,"면적이상(50,000m2 미만)",3110025,충신시장옆,골목상권,종로구,39184
Step2,"면적이상(50,000m2 미만)",3110026,종로5가역 4번,골목상권,종로구,16485
Step2,"면적이상(50,000m2 미만)",3110030,동대문역 3번,골목상권,종로구,9161
Step2,"면적이상(50,000m2 미만)",3110031,창신역 1번,골목상권,종로구,32878
Step2,"면적이상(50,000m2 미만)",3110032,수족관거리,골목상권,종로구,9323
Step2,"면적이상(50,000m2 미만)",3110034,창신1동주민센터,골목상권,종로구,29604
Step2,"면적이상(50,000m2 미만)",3110057,황학코아루아파트,골목상권,중구,30230
Step2,"면적이상(50,000m2 미만)",3110036,동묘앞역 3번,골목상권,종로구,18431
Step2,"면적이상(50,000m2 미만)",3110044,관성묘,골목상권,중구,29575
Step2,"면적이상(50,000m2 미만)",3110045,동대문역사문화공원역 5번,골목상권,중구,44820
Step2,"면적이상(50,000m2 미만)",3110055,황학동벼룩시장,골목상권,중구,27575
Step2,"면적이상(50,000m2 미만)",3110050,약수역 7번,골목상권,중구,34553
Step2,"면적이상(50,000m2 미만)",3110051,한양공고앞 교차로,골목상권,중구,44893
Step2,"면적이상(50,000m2 미만)",3110065,남정초등학교,골목상권,용산구,18065
Step2,"면적이상(50,000m2 미만)",3110070,용산세무서,골목상권,용산구,8437
Step2,"면적이상(50,000m2 미만)",3110071,한강미주맨션아파트,골목상권,용산구,27783
Step2,"면적이상(50,000m2 미만)",3110072,열정도,골목상권,용산구,18090
Step2,"면적이상(50,000m2 미만)",3110073,삼각지역 3번,골목상권,용산구,41421
Step2,"면적이상(50,000m2 미만)",3110076,삼각지역 14번,골목상권,용산구,8989
Step2,"면적이상(50,000m2 미만)",3110077,삼광초등학교,골목상권,용산구,45797
Step2,"면적이상(50,000m2 미만)",3110078,이촌동점보아파트,골목상권,용산구,14864
Step2,"면적이상(50,000m2 미만)",3110111,대현산장미원,골목상권,성동구,19485
Step2,"면적이상(50,000m2 미만)",3110094,오산중학교,골목상권,용산구,21603
Step2,"면적이상(50,000m2 미만)",3110097,한남초등학교,골목상권,용산구,7814
Step2,"면적이상(50,000m2 미만)",3110098,서울독일학교,골목상권,용산구,41414
Step2,"면적이상(50,000m2 미만)",3110100,옥수동우편취급국,골목상권,성동구,26060
Step2,"면적이상(50,000m2 미만)",3110101,옥정중학교,골목상권,성동구,23818
Step2,"면적이상(50,000m2 미만)",3110102,옥수역 6번,골목상권,성동구,34682
Step2,"면적이상(50,000m2 미만)",3110103,옥수터널,골목상권,성동구,19057
Step2,"면적이상(50,000m2 미만)",3110108,성동구립금호도서관,골목상권,성동구,11778
Step2,"면적이상(50,000m2 미만)",3110109,금호삼성래미안아파트,골목상권,성동구,29788
Step2,"면적이상(50,000m2 미만)",3110130,답십리역 6번,골목상권,성동구,43065
Step2,"면적이상(50,000m2 미만)",3110106,금북초등학교,골목상권,성동구,21366
Step2,"면적이상(50,000m2 미만)",3110107,금호사거리,골목상권,성동구,22191
Step2,"면적이상(50,000m2 미만)",3110114,왕십리파출소,골목상권,성동구,27058
Step2,"면적이상(50,000m2 미만)",3110117,성동구보건소,골목상권,성동구,49735
Step2,"면적이상(50,000m2 미만)",3110119,마장지하차도,골목상권,성동구,22524
Step2,"면적이상(50,000m2 미만)",3110120,서울숲카페거리,골목상권,성동구,34852
Step2,"면적이상(50,000m2 미만)",3110121,한양대역 4번,골목상권,성동구,29267
Step2,"면적이상(50,000m2 미만)",3110126,서울숲역 1번,골목상권,성동구,18531
Step2,"면적이상(50,000m2 미만)",3110127,성수1가1동주민센터,골목상권,성동구,38774
Step2,"면적이상(50,000m2 미만)",3110160,광진경찰서,골목상권,광진구,47848
Step2,"면적이상(50,000m2 미만)",3110144,어린이대공원역 4번,골목상권,광진구,42830
Step2,"면적이상(50,000m2 미만)",3110145,장안초등학교,골목상권,광진구,14956
Step2,"면적이상(50,000m2 미만)",3110148,어린이대공원역 3번,골목상권,광진구,45757
Step2,"면적이상(50,000m2 미만)",3110149,세종대학교,골목상권,광진구,45957
Step2,"면적이상(50,000m2 미만)",3110178,장로회신학대학교,골목상권,광진구,45933
Step2,"면적이상(50,000m2 미만)",3110179,광나루역 1번,골목상권,광진구,42085
Step2,"면적이상(50,000m2 미만)",3110143,뚝섬유원지역 1번,골목상권,광진구,8061
Step2,"면적이상(50,000m2 미만)",3110177,동의초등학교,골목상권,광진구,29079
Step2,"면적이상(50,000m2 미만)",3110171,중곡4동주민센터,골목상권,광진구,47879
Step2,"면적이상(50,000m2 미만)",3110173,구남초등학교,골목상권,광진구,49267
Step2,"면적이상(50,000m2 미만)",3110183,한국의류시험연구원,골목상권,동대문구,43441
Step2,"면적이상(50,000m2 미만)",3110207,시립대앞사거리,골목상권,동대문구,29327
Step2,"면적이상(50,000m2 미만)",3110208,시조사삼거리,골목상권,동대문구,42223
Step2,"면적이상(50,000m2 미만)",3110209,답십리 장령당공원,골목상권,동대문구,27972
Step2,"면적이상(50,000m2 미만)",3110184,용두사거리,골목상권,동대문구,24379
Step2,"면적이상(50,000m2 미만)",3110185,용두초등학교,골목상권,동대문구,28847
Step2,"면적이상(50,000m2 미만)",3110186,종암초등학교,골목상권,동대문구,22890
Step2,"면적이상(50,000m2 미만)",3110196,홍릉근린공원,골목상권,동대문구,37314
Step2,"면적이상(50,000m2 미만)",3110197,세종대왕기념관교차로,골목상권,동대문구,24771
Step2,"면적이상(50,000m2 미만)",3110198,동대문중앙새마을금고본점,골목상권,동대문구,16140
Step2,"면적이상(50,000m2 미만)",3110200,동대문경찰서,골목상권,동대문구,35357
Step2,"면적이상(50,000m2 미만)",3110201,전농119안전센터,골목상권,동대문구,24149
Step2,"면적이상(50,000m2 미만)",3110202,전농1동주민센터(전농시장),골목상권,동대문구,29821
Step2,"면적이상(50,000m2 미만)",3110203,떡전교사거리,골목상권,동대문구,46180
Step2,"면적이상(50,000m2 미만)",3110192,동의보감타워,골목상권,동대문구,33231
Step2,"면적이상(50,000m2 미만)",3110231,장안교,골목상권,동대문구,8256
Step2,"면적이상(50,000m2 미만)",3110223,군자초등학교,골목상권,동대문구,43581
Step2,"면적이상(50,000m2 미만)",3110224,외대앞역 2번,골목상권,동대문구,45770
Step2,"면적이상(50,000m2 미만)",3110213,청량초등학교,골목상권,동대문구,35455
Step2,"면적이상(50,000m2 미만)",3110221,의릉,골목상권,성북구,47130
Step2,"면적이상(50,000m2 미만)",3110222,회기역 2번,골목상권,동대문구,10334
Step2,"면적이상(50,000m2 미만)",3110235,세화어린이공원,골목상권,중랑구,32631
Step2,"면적이상(50,000m2 미만)",3110238,배꽃어린이공원,골목상권,중랑구,29174
Step2,"면적이상(50,000m2 미만)",3110239,중랑역 2번,골목상권,중랑구,10368
Step2,"면적이상(50,000m2 미만)",3110248,먹골파출소,골목상권,중랑구,37643
Step2,"면적이상(50,000m2 미만)",3110250,화랑대역 7번,골목상권,중랑구,39367
Step2,"면적이상(50,000m2 미만)",3110240,태릉시장 특화거리,골목상권,중랑구,45536
Step2,"면적이상(50,000m2 미만)",3110270,혜원여고,골목상권,중랑구,35644
Step2,"면적이상(50,000m2 미만)",3110275,하나은행 망우동지점,골목상권,중랑구,35477
Step2,"면적이상(50,000m2 미만)",3110321,동덕여대,골목상권,성북구,8750
Step2,"면적이상(50,000m2 미만)",3110283,성북초등학교앞,골목상권,성북구,42242
Step2,"면적이상(50,000m2 미만)",3110290,북한산보국문역 1번,골목상권,성북구,45706
Step2,"면적이상(50,000m2 미만)",3110298,솔숲어린이공원,골목상권,성북구,37902
Step2,"면적이상(50,000m2 미만)",3110306,미아초등학교,골목상권,성북구,32625
Step2,"면적이상(50,000m2 미만)",3110292,정릉역 2번,골목상권,성북구,21672
Step2,"면적이상(50,000m2 미만)",3110310,길음역 10번,골목상권,성북구,21941
Step2,"면적이상(50,000m2 미만)",3110311,종암아이파크2차후문,골목상권,성북구,26270
Step2,"면적이상(50,000m2 미만)",3110354,삼각산119안전센터,골목상권,강북구,17571
Step2,"면적이상(50,000m2 미만)",3110347,구세군강북종합사회복지관,골목상권,강북구,32980
Step2,"면적이상(50,000m2 미만)",3110349,화계역 2번,골목상권,강북구,26807
Step2,"면적이상(50,000m2 미만)",3110324,월곡역 4번,골목상권,성북구,26587
Step2,"면적이상(50,000m2 미만)",3110326,장위동성당,골목상권,성북구,45509
Step2,"면적이상(50,000m2 미만)",3110332,돌곶이역 3번,골목상권,성북구,34428
Step2,"면적이상(50,000m2 미만)",3110339,국립4.19민주묘지,골목상권,강북구,12372
Step2,"면적이상(50,000m2 미만)",3110344,화계중학교,골목상권,강북구,38830
Step2,"면적이상(50,000m2 미만)",3110357,가오리역 1번,골목상권,강북구,47879
Step2,"면적이상(50,000m2 미만)",3110363,송천동주민센터,골목상권,강북구,26098
Step2,"면적이상(50,000m2 미만)",3110392,발바닥공원,골목상권,도봉구,10355
Step2,"면적이상(50,000m2 미만)",3110393,국민은행방학지점,골목상권,도봉구,21358
Step2,"면적이상(50,000m2 미만)",3110377,미아사거리역 3번,골목상권,강북구,35635
Step2,"면적이상(50,000m2 미만)",3110379,KT&G 북부지사,골목상권,강북구,32184
Step2,"면적이상(50,000m2 미만)",3110380,강북문화정보도서관,골목상권,강북구,40504
Step2,"면적이상(50,000m2 미만)",3110382,솔밭공원역 1번,골목상권,도봉구,40166
Step2,"면적이상(50,000m2 미만)",3110383,덕성여대시반거리,골목상권,도봉구,43039
Step2,"면적이상(50,000m2 미만)",3110782,영등포시장역 4번,골목상권,영등포구,30037
Step2,"면적이상(50,000m2 미만)",3110783,영등포시장역 1번,골목상권,영등포구,49012
Step2,"면적이상(50,000m2 미만)",3110386,연산군묘,골목상권,도봉구,16363
Step2,"면적이상(50,000m2 미만)",3110430,중계초등학교,골목상권,노원구,11185
Step2,"면적이상(50,000m2 미만)",3110505,홍남교남측,골목상권,서대문구,21259
Step2,"면적이상(50,000m2 미만)",3110506,연희임광아파트,골목상권,서대문구,25732
Step2,"면적이상(50,000m2 미만)",3110470,신진과학기술고등학교,골목상권,은평구,34929
Step2,"면적이상(50,000m2 미만)",3110518,서대문구청,골목상권,서대문구,49879
Step2,"면적이상(50,000m2 미만)",3110493,북가좌초등학교,골목상권,서대문구,44322
Step2,"면적이상(50,000m2 미만)",3110535,영천시장입구,골목상권,서대문구,34671
Step2,"면적이상(50,000m2 미만)",3110543,중암중학교,골목상권,마포구,21216
Step2,"면적이상(50,000m2 미만)",3110584,아현역 4번,골목상권,마포구,14177
Step2,"면적이상(50,000m2 미만)",3110555,홍익지구대,골목상권,마포구,21035
Step2,"면적이상(50,000m2 미만)",3110580,양원초등학교,골목상권,마포구,39360
Step2,"면적이상(50,000m2 미만)",3110581,염리초등학교,골목상권,마포구,13748
Step2,"면적이상(50,000m2 미만)",3110583,공덕래미안3차아파트,골목상권,마포구,7972
Step2,"면적이상(50,000m2 미만)",3110567,광흥창역 6번,골목상권,마포구,21814
Step2,"면적이상(50,000m2 미만)",3110568,광흥창역 1번,골목상권,마포구,25225
Step2,"면적이상(50,000m2 미만)",3110422,노원역 9번,골목상권,노원구,35324
Step2,"면적이상(50,000m2 미만)",3110585,마포경찰서,골목상권,마포구,18216
Step2,"면적이상(50,000m2 미만)",3110447,구산초등학교,골목상권,은평구,36415
Step2,"면적이상(50,000m2 미만)",3110412,창동중학교,골목상권,도봉구,21146
Step2,"면적이상(50,000m2 미만)",3110436,상계제일중학교,골목상권,노원구,41545
Step2,"면적이상(50,000m2 미만)",3110494,증산3교남측,골목상권,서대문구,32244
Step2,"면적이상(50,000m2 미만)",3110487,불광역 8번,골목상권,은평구,23276
Step2,"면적이상(50,000m2 미만)",3110521,홍제역 4번,골목상권,서대문구,30428
Step2,"면적이상(50,000m2 미만)",3110522,홍제역 3번,골목상권,서대문구,37420
Step2,"면적이상(50,000m2 미만)",3110523,홍제성원아파트,골목상권,서대문구,14283
Step2,"면적이상(50,000m2 미만)",3110524,연희세브란스병원,골목상권,서대문구,30580
Step2,"면적이상(50,000m2 미만)",3110536,돈의문센트레빌아파트입구,골목상권,서대문구,21586
Step2,"면적이상(50,000m2 미만)",3110538,충정로역 3번,골목상권,서대문구,16657
Step2,"면적이상(50,000m2 미만)",3110539,미근동,골목상권,서대문구,48052
Step2,"면적이상(50,000m2 미만)",3110525,홍은종합사회복지관,골목상권,서대문구,35519
Step2,"면적이상(50,000m2 미만)",3110570,KB국민은행 서강지점,골목상권,마포구,24575
Step2,"면적이상(50,000m2 미만)",3110401,도봉구민회관,골목상권,도봉구,44767
Step2,"면적이상(50,000m2 미만)",3110461,새절역 2번,골목상권,은평구,33922
Step2,"면적이상(50,000m2 미만)",3110589,애오개역 3번,골목상권,마포구,31214
Step2,"면적이상(50,000m2 미만)",3111084,길동신동아아파트,골목상권,강동구,20962
Step2,"면적이상(50,000m2 미만)",3110442,화랑대철도공원,골목상권,노원구,20050
Step2,"면적이상(50,000m2 미만)",3110497,가좌역 3번,골목상권,서대문구,27096
Step2,"면적이상(50,000m2 미만)",3110510,홍연시장,골목상권,서대문구,42513
Step2,"면적이상(50,000m2 미만)",3110556,절두산순교성지,골목상권,마포구,41215
Step2,"면적이상(50,000m2 미만)",3110489,불광역 3번,골목상권,은평구,31324
Step2,"면적이상(50,000m2 미만)",3110476,역촌역 2번,골목상권,은평구,31638
Step2,"면적이상(50,000m2 미만)",3110500,남가좌동현대아파트,골목상권,서대문구,26069
Step2,"면적이상(50,000m2 미만)",3110573,신촌역 6번,골목상권,마포구,9367
Step2,"면적이상(50,000m2 미만)",3110574,서강대학교,골목상권,마포구,16304
Step2,"면적이상(50,000m2 미만)",3111081,둔촌푸르지오아파트,골목상권,강동구,17651
Step2,"면적이상(50,000m2 미만)",3111082,중앙보훈병원,골목상권,강동구,21834
Step2,"면적이상(50,000m2 미만)",3110443,수색역 1번,골목상권,은평구,39392
Step2,"면적이상(50,000m2 미만)",3110445,덕산중학교,골목상권,은평구,41323
Step2,"면적이상(50,000m2 미만)",3110427,노원 을지대학교병원,골목상권,노원구,30640
Step2,"면적이상(50,000m2 미만)",3110564,홍대입구역 3번,골목상권,마포구,49371
Step2,"면적이상(50,000m2 미만)",3110504,명지전문대,골목상권,서대문구,34484
Step2,"면적이상(50,000m2 미만)",3110482,연신초등학교,골목상권,은평구,35348
Step2,"면적이상(50,000m2 미만)",3110533,충정로역 7번,골목상권,서대문구,39228
Step2,"면적이상(50,000m2 미만)",3110565,홍익대,골목상권,마포구,43573
Step2,"면적이상(50,000m2 미만)",3110530,아현역 1번,골목상권,서대문구,17473
Step2,"면적이상(50,000m2 미만)",3110577,용강동주민센터,골목상권,마포구,26040
Step2,"면적이상(50,000m2 미만)",3110592,서울금융고등학교,골목상권,양천구,42118
Step2,"면적이상(50,000m2 미만)",3110434,태릉입구역 4번,골목상권,노원구,38090
Step2,"면적이상(50,000m2 미만)",3110435,서울과학기술대,골목상권,노원구,17818
Step2,"면적이상(50,000m2 미만)",3110693,오류동역 4번,골목상권,구로구,9129
Step2,"면적이상(50,000m2 미만)",3110663,우장산롯데캐슬아파트앞,골목상권,강서구,38550
Step2,"면적이상(50,000m2 미만)",3110664,강서구청옆,골목상권,강서구,22736
Step2,"면적이상(50,000m2 미만)",3110666,KC대학교,골목상권,강서구,48432
Step2,"면적이상(50,000m2 미만)",3110667,가양역 10번,골목상권,강서구,29342
Step2,"면적이상(50,000m2 미만)",3110682,온수역 8번,골목상권,구로구,32907
Step2,"면적이상(50,000m2 미만)",3110683,오류고등학교,골목상권,구로구,41660
Step2,"면적이상(50,000m2 미만)",3110704,고척중학교,골목상권,구로구,15243
Step2,"면적이상(50,000m2 미만)",3110705,고산초등학교,골목상권,구로구,20963
Step2,"면적이상(50,000m2 미만)",3110706,그라운드 고척,골목상권,구로구,44173
Step2,"면적이상(50,000m2 미만)",3110723,가산디지털단지역 1번 출입구,골목상권,금천구,42837
Step2,"면적이상(50,000m2 미만)",3110725,가산동주민센터,골목상권,금천구,39903
Step2,"면적이상(50,000m2 미만)",3110805,신길새마을금고신길4동지점,골목상권,영등포구,27917
Step2,"면적이상(50,000m2 미만)",3110806,서울시립영등포장애인복지관,골목상권,영등포구,14104
Step2,"면적이상(50,000m2 미만)",3110733,금천어울림복지센터,골목상권,금천구,36821
Step2,"면적이상(50,000m2 미만)",3110734,금천파출소,골목상권,금천구,16742
Step2,"면적이상(50,000m2 미만)",3110756,문래중학교,골목상권,영등포구,49828
Step2,"면적이상(50,000m2 미만)",3110758,문래소공원,골목상권,영등포구,38867
Step2,"면적이상(50,000m2 미만)",3110807,신길역 3번,골목상권,영등포구,44675
Step2,"면적이상(50,000m2 미만)",3110774,당산반도유보라팰리스아파트,골목상권,영등포구,35052
Step2,"면적이상(50,000m2 미만)",3110775,대동초등학교,골목상권,영등포구,35075
Step2,"면적이상(50,000m2 미만)",3110791,신풍역 3번,골목상권,영등포구,21697
Step2,"면적이상(50,000m2 미만)",3110793,대림썬프라자,골목상권,영등포구,9883
Step2,"면적이상(50,000m2 미만)",3110808,신길역 1번,골목상권,영등포구,31907
Step2,"면적이상(50,000m2 미만)",3110809,장훈고등학교,골목상권,영등포구,31824
Step2,"면적이상(50,000m2 미만)",3110609,신정네거리역 2번,골목상권,양천구,48181
Step2,"면적이상(50,000m2 미만)",3110624,목동문화체육센터,골목상권,양천구,43801
Step2,"면적이상(50,000m2 미만)",3110563,상수역 3번,골목상권,마포구,37381
Step2,"면적이상(50,000m2 미만)",3110685,금강수목원아파트,골목상권,구로구,33067
Step2,"면적이상(50,000m2 미만)",3110669,화곡보람2차아파트,골목상권,강서구,15189
Step2,"면적이상(50,000m2 미만)",3110726,금천철쭉어린이공원(금하마을),골목상권,금천구,44361
Step2,"면적이상(50,000m2 미만)",3110739,시흥3동 우편취급국,골목상권,금천구,20887
Step2,"면적이상(50,000m2 미만)",3110761,문래동남성맨션,골목상권,영등포구,31681
Step2,"면적이상(50,000m2 미만)",3110613,신정네거리역 4번,골목상권,양천구,23861
Step2,"면적이상(50,000m2 미만)",3110615,신서초등학교,골목상권,양천구,31057
Step2,"면적이상(50,000m2 미만)",3110616,양목초등학교,골목상권,양천구,15723
Step2,"면적이상(50,000m2 미만)",3110796,한림대학교한강성심병원,골목상권,영등포구,24293
Step2,"면적이상(50,000m2 미만)",3110797,KT대방빌딩,골목상권,영등포구,8947
Step2,"면적이상(50,000m2 미만)",3110417,월계역 3번,골목상권,노원구,29842
Step2,"면적이상(50,000m2 미만)",3110701,고척동성당,골목상권,구로구,44097
Step2,"면적이상(50,000m2 미만)",3110629,송정역 4번,골목상권,강서구,37678
Step2,"면적이상(50,000m2 미만)",3110777,구로세무서,골목상권,영등포구,45358
Step2,"면적이상(50,000m2 미만)",3110687,"천왕역 3번(오류2동주민센터, 서울오류남초등학교)",골목상권,구로구,42464
Step2,"면적이상(50,000m2 미만)",3110715,구로구민회관,골목상권,구로구,40106
Step2,"면적이상(50,000m2 미만)",3110763,영등포구청역 2번,골목상권,영등포구,33508
Step2,"면적이상(50,000m2 미만)",3110764,문래역 3번,골목상권,영등포구,18152
Step2,"면적이상(50,000m2 미만)",3110674,강서구청가양동별관,골목상권,강서구,10388
Step2,"면적이상(50,000m2 미만)",3110742,KT금천빌딩(금천구시설관리공단),골목상권,금천구,35970
Step2,"면적이상(50,000m2 미만)",3110798,신풍역 2번,골목상권,영등포구,21568
Step2,"면적이상(50,000m2 미만)",3110767,도림동주민센터,골목상권,영등포구,27268
Step2,"면적이상(50,000m2 미만)",3110650,우장산힐스테이트,골목상권,강서구,18832
Step2,"면적이상(50,000m2 미만)",3110799,영등포본동주민센터,골목상권,영등포구,29319
Step2,"면적이상(50,000m2 미만)",3110800,영등포동성당,골목상권,영등포구,33962
Step2,"면적이상(50,000m2 미만)",3110801,신풍역 6번(신길6동공영주차장),골목상권,영등포구,14185
Step2,"면적이상(50,000m2 미만)",3110802,신길동홍어거리,골목상권,영등포구,44973
Step2,"면적이상(50,000m2 미만)",3110779,대림갑을명가아파트,골목상권,영등포구,13131
Step2,"면적이상(50,000m2 미만)",3110784,신대림초등학교,골목상권,영등포구,37357
Step2,"면적이상(50,000m2 미만)",3110619,목4동주민센터,골목상권,양천구,39755
Step2,"면적이상(50,000m2 미만)",3110633,개화산역 1번,골목상권,강서구,21731
Step2,"면적이상(50,000m2 미만)",3110661,강서새말어린이공원,골목상권,강서구,38920
Step2,"면적이상(50,000m2 미만)",3110677,등촌역 1번,골목상권,강서구,46900
Step2,"면적이상(50,000m2 미만)",3110678,염창무학아파트,골목상권,강서구,27977
Step2,"면적이상(50,000m2 미만)",3110719,영서중학교,골목상권,구로구,12156
Step2,"면적이상(50,000m2 미만)",3110818,신대방역 3번,골목상권,동작구,49264
Step2,"면적이상(50,000m2 미만)",3110769,대림차이나타운(대림역 12번),골목상권,영등포구,35768
Step2,"면적이상(50,000m2 미만)",3110770,영등포구청역 6번,골목상권,영등포구,47293
Step2,"면적이상(50,000m2 미만)",3110771,대림역 11번,골목상권,영등포구,24375
Step2,"면적이상(50,000m2 미만)",3110772,신우어린이공원,골목상권,영등포구,40126
Step2,"면적이상(50,000m2 미만)",3110773,당산역 13번,골목상권,영등포구,9756
Step2,"면적이상(50,000m2 미만)",3110642,정곡초등학교,골목상권,강서구,19884
Step2,"면적이상(50,000m2 미만)",3110788,영등포시장역 3번,골목상권,영등포구,10464
Step2,"면적이상(50,000m2 미만)",3110811,보라매역 4번,골목상권,영등포구,44661
Step2,"면적이상(50,000m2 미만)",3110605,목동센트럴아이파크앞,골목상권,양천구,38129
Step2,"면적이상(50,000m2 미만)",3110607,금빛새마을금고본점,골목상권,양천구,36823
Step2,"면적이상(50,000m2 미만)",3110621,목동역 5번,골목상권,양천구,34475
Step2,"면적이상(50,000m2 미만)",3110636,방화역 2번,골목상권,강서구,44808
Step2,"면적이상(50,000m2 미만)",3110880,신림역 1번,골목상권,관악구,38288
Step2,"면적이상(50,000m2 미만)",3110968,강남구청역 2번,골목상권,강남구,43750
Step2,"면적이상(50,000m2 미만)",3110972,강남세브란스병원미래의학연구센터,골목상권,강남구,46603
Step2,"면적이상(50,000m2 미만)",3111037,Sh수협은행 오금동금융센터(아랫말어린이공원),골목상권,송파구,27617
Step2,"면적이상(50,000m2 미만)",3111017,송파나루역 3번,골목상권,송파구,32806
Step2,"면적이상(50,000m2 미만)",3111018,풍납초등학교(풍납백제문화공원),골목상권,송파구,27101
Step2,"면적이상(50,000m2 미만)",3111041,거여역 8번,골목상권,송파구,12895
Step2,"면적이상(50,000m2 미만)",3111050,강동구청(강동구청역 2번),골목상권,강동구,19565
Step2,"면적이상(50,000m2 미만)",3110824,대방역 3번,골목상권,동작구,46862
Step2,"면적이상(50,000m2 미만)",3110871,신원동주민센터,골목상권,관악구,49950
Step2,"면적이상(50,000m2 미만)",3111029,오금역 4번,골목상권,송파구,43089
Step2,"면적이상(50,000m2 미만)",3110858,신대방역 1번,골목상권,관악구,23709
Step2,"면적이상(50,000m2 미만)",3110985,청담근린공원,골목상권,강남구,43265
Step2,"면적이상(50,000m2 미만)",3110986,삼성중앙역 7번,골목상권,강남구,15944
Step2,"면적이상(50,000m2 미만)",3110987,영동대교남단,골목상권,강남구,31393
Step2,"면적이상(50,000m2 미만)",3110834,동작구자원봉사센터,골목상권,동작구,33607
Step2,"면적이상(50,000m2 미만)",3110912,방배동사이길,골목상권,서초구,26478
Step2,"면적이상(50,000m2 미만)",3110928,서초우방유쉘아파트,골목상권,서초구,22283
Step2,"면적이상(50,000m2 미만)",3110989,대치동아우편취급국,골목상권,강남구,40587
Step2,"면적이상(50,000m2 미만)",3110990,청담역 12번,골목상권,강남구,10107
Step2,"면적이상(50,000m2 미만)",3110991,삼성중앙역 5번,골목상권,강남구,26622
Step2,"면적이상(50,000m2 미만)",3111054,암사역 4번(삼성광나루아파트),골목상권,강동구,15538
Step2,"면적이상(50,000m2 미만)",3111055,선사초등학교,골목상권,강동구,11026
Step2,"면적이상(50,000m2 미만)",3111056,천호태영아파트,골목상권,강동구,31985
Step2,"면적이상(50,000m2 미만)",3110884,봉천역 4번(봉천110안전센터),골목상권,관악구,43849
Step2,"면적이상(50,000m2 미만)",3111058,성내중학교,골목상권,강동구,39694
Step2,"면적이상(50,000m2 미만)",3110946,청계산원터골,골목상권,서초구,17189
Step2,"면적이상(50,000m2 미만)",3111020,방이동고분군(방산고등학교),골목상권,송파구,28997
Step2,"면적이상(50,000m2 미만)",3110914,내방역 6번,골목상권,서초구,16286
Step2,"면적이상(50,000m2 미만)",3110931,삼성전자서울R&D(서울우면초등학교),골목상권,서초구,44205
Step2,"면적이상(50,000m2 미만)",3110932,서울시인재개발원,골목상권,서초구,40038
Step2,"면적이상(50,000m2 미만)",3110933,한국상담대학원대학교,골목상권,서초구,24916
Step2,"면적이상(50,000m2 미만)",3110935,한전아트센터,골목상권,서초구,32304
Step2,"면적이상(50,000m2 미만)",3110993,개포지하차도 북측,골목상권,강남구,37865
Step2,"면적이상(50,000m2 미만)",3110835,상도역 1번,골목상권,동작구,39906
Step2,"면적이상(50,000m2 미만)",3110878,미림여고,골목상권,관악구,45308
Step2,"면적이상(50,000m2 미만)",3110936,더케이호텔(양재리본타워2단지아파트),골목상권,서초구,43233
Step2,"면적이상(50,000m2 미만)",3110937,방아다리근린공원(횃불트리니티신학대학원대학교),골목상권,서초구,40444
Step2,"면적이상(50,000m2 미만)",3110938,바우뫼공원,골목상권,서초구,38156
Step2,"면적이상(50,000m2 미만)",3111009,송파책박물관,골목상권,송파구,34040
Step2,"면적이상(50,000m2 미만)",3111011,잠실나루역,골목상권,송파구,25839
Step2,"면적이상(50,000m2 미만)",3111045,개미어린이공원,골목상권,송파구,42008
Step2,"면적이상(50,000m2 미만)",3110852,이수역 9번,골목상권,동작구,44183
Step2,"면적이상(50,000m2 미만)",3110854,조원동주민센터,골목상권,관악구,47109
Step2,"면적이상(50,000m2 미만)",3110950,논현역 7번,골목상권,강남구,46164
Step2,"면적이상(50,000m2 미만)",3110951,신사은행나무공원,골목상권,강남구,29000
Step2,"면적이상(50,000m2 미만)",3110952,논현목련공원,골목상권,강남구,21629
Step2,"면적이상(50,000m2 미만)",3110954,국기원,골목상권,강남구,39799
Step2,"면적이상(50,000m2 미만)",3110904,이수역 5번,골목상권,서초구,47127
Step2,"면적이상(50,000m2 미만)",3110906,서문여고,골목상권,서초구,37319
Step2,"면적이상(50,000m2 미만)",3110908,구반포역,골목상권,서초구,28724
Step2,"면적이상(50,000m2 미만)",3111033,문정동성당,골목상권,송파구,23375
Step2,"면적이상(50,000m2 미만)",3110940,양재근린공원(양재2동주민센터),골목상권,서초구,32454
Step2,"면적이상(50,000m2 미만)",3110941,언남고등학교,골목상권,서초구,23167
Step2,"면적이상(50,000m2 미만)",3111024,경찰병원역 4번(건너말공원),골목상권,송파구,34910
Step2,"면적이상(50,000m2 미만)",3110838,상도1동주민센터앞,골목상권,동작구,13134
Step2,"면적이상(50,000m2 미만)",3110888,청룡동주민센터,골목상권,관악구,38688
Step2,"면적이상(50,000m2 미만)",3110917,서초소방서,골목상권,서초구,48294
Step2,"면적이상(50,000m2 미만)",3110920,방배역 2번(백석예술대학교),골목상권,서초구,15874
Step2,"면적이상(50,000m2 미만)",3111090,강일동주민센터,골목상권,강동구,29486
Step2,"면적이상(50,000m2 미만)",3110889,봉천역 6번,골목상권,관악구,42797
Step2,"면적이상(50,000m2 미만)",3110891,구암초등학교,골목상권,관악구,40509
Step2,"면적이상(50,000m2 미만)",3110959,신구중학교,골목상권,강남구,35960
Step2,"면적이상(50,000m2 미만)",3110960,은광여고,골목상권,강남구,25543
Step2,"면적이상(50,000m2 미만)",3110843,사당5동주민센터,골목상권,동작구,42412
Step2,"면적이상(50,000m2 미만)",3110844,흑석2치안센터,골목상권,동작구,25007
Step2,"면적이상(50,000m2 미만)",3110962,도산공원북측,골목상권,강남구,10044
Step2,"면적이상(50,000m2 미만)",3110963,역삼월드메르디앙아파트,골목상권,강남구,40391
Step2,"면적이상(50,000m2 미만)",3110964,싸리고개근린공원,골목상권,강남구,21894
Step2,"면적이상(50,000m2 미만)",3110845,사당종합체육관,골목상권,동작구,33058
Step2,"면적이상(50,000m2 미만)",3111068,강동성심병원,골목상권,강동구,19646
Step2,"면적이상(50,000m2 미만)",3111036,투구봉어린이공원,골목상권,송파구,31938
Step2,"면적이상(50,000m2 미만)",3110870,신림주공2단지(광신고등학교),골목상권,관악구,26565
Step2,"면적이상(50,000m2 미만)",3110896,관악우성아파트,골목상권,관악구,23731
Step2,"면적이상(50,000m2 미만)",3110974,언주중학교,골목상권,강남구,35151
Step2,"면적이상(50,000m2 미만)",3110977,논현로18길,골목상권,강남구,17288
Step2,"면적이상(50,000m2 미만)",3111071,천동초등학교,골목상권,강동구,35500
Step2,"면적이상(50,000m2 미만)",3110842,흑리단길,골목상권,동작구,29278
Step2,"면적이상(50,000m2 미만)",3110921,서울프랑스학교,골목상권,서초구,35625
Step2,"면적이상(50,000m2 미만)",3110923,방배역 1번,골목상권,서초구,14707
Step2,"면적이상(50,000m2 미만)",3110978,도곡2동주민센터(대치중학교),골목상권,강남구,14234
Step2,"면적이상(50,000m2 미만)",3110982,강남구보훈회관,골목상권,강남구,19865
Step2,"면적이상(50,000m2 미만)",3111074,명일역 1번,골목상권,강동구,49436
Step2,"면적이상(50,000m2 미만)",3110893,관악소방서(문영여고),골목상권,관악구,16048
Step2,"면적이상(50,000m2 미만)",3110894,관악동부센트레빌아파트(은천로35라길),골목상권,관악구,30920
Step2,"면적이상(50,000m2 미만)",3120155,총신대학교,발달상권,동작구,46691
Step2,"면적이상(50,000m2 미만)",3120061,올림픽대교북단,발달상권,광진구,47188
Step2,"면적이상(50,000m2 미만)",3120064,경희대학교(경희대),발달상권,동대문구,48567
Step2,"면적이상(50,000m2 미만)",3120168,서울고교교차로,발달상권,서초구,49689
Step2,"면적이상(50,000m2 미만)",3120068,사가정역,발달상권,중랑구,35712
Step2,"면적이상(50,000m2 미만)",3120074,안암역,발달상권,성북구,27617
Step2,"면적이상(50,000m2 미만)",3120080,마들역,발달상권,노원구,38976
Step2,"면적이상(50,000m2 미만)",3120135,양평역,발달상권,영등포구,36584
Step2,"면적이상(50,000m2 미만)",3120082,상계백병원,발달상권,노원구,38882
Step2,"면적이상(50,000m2 미만)",3120137,문래역(문래로데오거리),발달상권,영등포구,43658
Step2,"면적이상(50,000m2 미만)",3120150,63빌딩,발달상권,영등포구,40709
Step2,"면적이상(50,000m2 미만)",3120035,퇴계로5가,발달상권,중구,48951
Step2,"면적이상(50,000m2 미만)",3120238,방이역,발달상권,송파구,45610
Step3,실내복합시설(코엑스·지하쇼핑센터),3120025,롯데백화점(시청광장 지하쇼핑센터),발달상권,중구,75261
Step3,실내복합시설(코엑스·지하쇼핑센터),3120218,코엑스,발달상권,강남구,145396
Step4,교통허브(공항·KTX/SRT 전용),3120115,김포공항역(김포공항),발달상권,강서구,700542
Step4,교통허브(공항·KTX/SRT 전용),3120224,수서역,발달상권,강남구,60183
Step5,산업단지·도매(키워드+코드),3110778,구로디지털단지역 4번,골목상권,영등포구,204978
Step5,산업단지·도매(키워드+코드),3110680,온수역 5번(온수산업단지),골목상권,구로구,136117
Step5,산업단지·도매(키워드+코드),3111002,한국교통안전공단 강남자동차검사소,골목상권,강남구,59241
Step5,산업단지·도매(키워드+코드),3120117,강서농산물도매시장,발달상권,강서구,402585
Step5,산업단지·도매(키워드+코드),3120126,디지털단지오거리,발달상권,구로구,51996
Step5,산업단지·도매(키워드+코드),3120129,구로디지털단지,발달상권,구로구,460289
Step5,산업단지·도매(키워드+코드),3120130,구로디지털단지역,발달상권,구로구,168688
Step5,산업단지·도매(키워드+코드),3120131,가산디지털단지,발달상권,금천구,1713620
Step5,산업단지·도매(키워드+코드),3120040,용산전자상가(용산역),발달상권,용산구,365025
Step5,산업단지·도매(키워드+코드),3120235,문정역,발달상권,송파구,333436
Step6,공원·여가형(공원명이 상권명),3110007,사직공원(한국사회과학도서관),골목상권,종로구,80252
Step6,공원·여가형(공원명이 상권명),3110129,성원어린이공원,골목상권,성동구,70693
Step6,공원·여가형(공원명이 상권명),3110105,금동어린이공원,골목상권,성동구,69009
Step6,공원·여가형(공원명이 상권명),3110138,송정체육공원,골목상권,성동구,102074
Step6,공원·여가형(공원명이 상권명),3110152,중곡어린이공원,골목상권,광진구,50806
Step6,공원·여가형(공원명이 상권명),3110175,푸른동산공원,골목상권,광진구,96115
Step6,공원·여가형(공원명이 상권명),3110154,광진정말공원,골목상권,광진구,102102
Step6,공원·여가형(공원명이 상권명),3110176,해오름공원,골목상권,광진구,135318
Step6,공원·여가형(공원명이 상권명),3110182,용두희망어린이공원,골목상권,동대문구,59118
Step6,공원·여가형(공원명이 상권명),3110206,텃골근린공원,골목상권,동대문구,100623
Step6,공원·여가형(공원명이 상권명),3110204,간데메공원,골목상권,동대문구,122554
Step6,공원·여가형(공원명이 상권명),3110228,장안근린공원,골목상권,동대문구,177937
Step6,공원·여가형(공원명이 상권명),3110211,전곡마을마당공원,골목상권,동대문구,126403
Step6,공원·여가형(공원명이 상권명),3110227,답십리공원,골목상권,동대문구,55458
Step6,공원·여가형(공원명이 상권명),3110254,오거리공원,골목상권,중랑구,165615
Step6,공원·여가형(공원명이 상권명),3110343,무너미어린이공원,골목상권,강북구,105257
Step6,공원·여가형(공원명이 상권명),3110391,샘말어린이공원,골목상권,도봉구,245401
Step6,공원·여가형(공원명이 상권명),3110490,녹번동근린공원,골목상권,은평구,128235
Step6,공원·여가형(공원명이 상권명),3110501,연희어린이공원,골목상권,서대문구,123377
Step6,공원·여가형(공원명이 상권명),3110610,계남근린공원,골목상권,양천구,70654
Step6,공원·여가형(공원명이 상권명),3110623,갈산공원,골목상권,양천구,156540
Step6,공원·여가형(공원명이 상권명),3110708,화원어린이공원,골목상권,구로구,50397
Step6,공원·여가형(공원명이 상권명),3110596,서서울호수공원,골목상권,양천구,118222
Step6,공원·여가형(공원명이 상권명),3110754,삼성산자연공원(서울금천초등학교),골목상권,금천구,134370
Step6,공원·여가형(공원명이 상권명),3110673,뜸부기어린이공원,골목상권,강서구,145209
Step6,공원·여가형(공원명이 상권명),3110740,금천해태공원,골목상권,금천구,148638
Step6,공원·여가형(공원명이 상권명),3110746,금천금빛공원(은행나무사거리서측),골목상권,금천구,57787
Step6,공원·여가형(공원명이 상권명),3110622,달마을공원,골목상권,양천구,90372
Step6,공원·여가형(공원명이 상권명),3110881,구립대학경로당(관악산샘말공원),골목상권,관악구,234224
Step6,공원·여가형(공원명이 상권명),3110943,법제교육센터(버들어린이공원),골목상권,서초구,57521
Step6,공원·여가형(공원명이 상권명),3110944,서울나래학교(염곡어린이공원),골목상권,서초구,70228
Step6,공원·여가형(공원명이 상권명),3110848,양지어린이공원,골목상권,동작구,116036
Step6,공원·여가형(공원명이 상권명),3111053,성내천어린이공원(하니사랑길),골목상권,강동구,139845
Step6,공원·여가형(공원명이 상권명),3110984,포이초등학교(개포목련어린이공원),골목상권,강남구,137098
Step6,공원·여가형(공원명이 상권명),3110911,방배배수지체육공원,골목상권,서초구,282743
Step6,공원·여가형(공원명이 상권명),3111057,천호공원(해공체육문화센터),골목상권,강동구,116161
Step6,공원·여가형(공원명이 상권명),3111043,마천공원,골목상권,송파구,67894
Step6,공원·여가형(공원명이 상권명),3110886,관악해태어린이공원,골목상권,관악구,78673
Step6,공원·여가형(공원명이 상권명),3110953,학동근린공원,골목상권,강남구,92947
Step6,공원·여가형(공원명이 상권명),3111034,오동나무공원(송파레미니스1단지),골목상권,송파구,139482
Step6,공원·여가형(공원명이 상권명),3110998,은곡마을(은곡마을공원),골목상권,강남구,116896
Step6,공원·여가형(공원명이 상권명),3110999,윗방죽마을공원,골목상권,강남구,239797
Step6,공원·여가형(공원명이 상권명),3111001,아래방죽마을공원(율현초등학교),골목상권,강남구,159591
Step6,공원·여가형(공원명이 상권명),3111039,벌말어린이공원,골목상권,송파구,63272
Step6,공원·여가형(공원명이 상권명),3111035,오금공원(오주중학교),골목상권,송파구,95041
Step6,공원·여가형(공원명이 상권명),3110924,반포4동주민센터(몽마르뜨공원),골목상권,서초구,75392
Step6,공원·여가형(공원명이 상권명),3120083,등나무근린공원,발달상권,노원구,125820
Step6,공원·여가형(공원명이 상권명),3120151,보라매공원,발달상권,동작구,119689
Step6,공원·여가형(공원명이 상권명),3120193,도산공원교차로,발달상권,강남구,185023
Step7,대학캠퍼스(캠퍼스 자체 상권),3110008,배화여자대학교(박노수미술관),골목상권,종로구,149264
Step7,대학캠퍼스(캠퍼스 자체 상권),3110021,성균관대학교,골목상권,종로구,77655
Step7,대학캠퍼스(캠퍼스 자체 상권),3110219,삼육보건대학교,골목상권,동대문구,179445
Step7,대학캠퍼스(캠퍼스 자체 상권),3110274,서일대학교,골목상권,중랑구,164098
Step7,대학캠퍼스(캠퍼스 자체 상권),3110294,서경대학교,골목상권,성북구,193247
Step7,대학캠퍼스(캠퍼스 자체 상권),3110507,명지대학교,골목상권,서대문구,176999
Step7,대학캠퍼스(캠퍼스 자체 상권),3110534,경기대학교,골목상권,서대문구,71787
Step7,대학캠퍼스(캠퍼스 자체 상권),3110528,서울여자간호대학교,골목상권,서대문구,59337
Step7,대학캠퍼스(캠퍼스 자체 상권),3110503,명지대학교교회,골목상권,서대문구,154746
Step7,대학캠퍼스(캠퍼스 자체 상권),3110418,광운대학교 남단,골목상권,노원구,88266
Step7,대학캠퍼스(캠퍼스 자체 상권),3110840,중앙대학교,골목상권,동작구,107472
Step7,대학캠퍼스(캠퍼스 자체 상권),3110867,국제신학대학원대학교(남서울중학교),골목상권,관악구,95938
Step8,아파트단지(단지 내 편의시설),3110096,한남힐사이드아파트,골목상권,용산구,50068
Step8,아파트단지(단지 내 편의시설),3110188,용두동신동아아파트,골목상권,동대문구,152517
Step8,아파트단지(단지 내 편의시설),3110230,장안현대홈타운1차아파트,골목상권,동대문구,79796
Step8,아파트단지(단지 내 편의시설),3110381,번동주공2단지,골목상권,강북구,50484
Step8,아파트단지(단지 내 편의시설),3110780,신길대성유니드아파트,골목상권,영등포구,87225
Step8,아파트단지(단지 내 편의시설),3110781,대림한신아파트,골목상권,영등포구,84160
Step8,아파트단지(단지 내 편의시설),3110537,충정로현대아파트,골목상권,서대문구,52786
Step8,아파트단지(단지 내 편의시설),3111085,묘곡초등학교(고덕아이파크아파트),골목상권,강동구,144712
Step8,아파트단지(단지 내 편의시설),3110509,연희대우아파트앞,골목상권,서대문구,117804
Step8,아파트단지(단지 내 편의시설),3110475,백련산해모로아파트,골목상권,은평구,70709
Step8,아파트단지(단지 내 편의시설),3110462,갈현건영아파트,골목상권,은평구,155714
Step8,아파트단지(단지 내 편의시설),3111083,GS강동자이아파트,골목상권,강동구,81524
Step8,아파트단지(단지 내 편의시설),3110627,신정롯데캐슬아파트,골목상권,양천구,80881
Step8,아파트단지(단지 내 편의시설),3110602,신월시영아파트중문,골목상권,양천구,61404
Step8,아파트단지(단지 내 편의시설),3110785,영등포푸르지오아파트,골목상권,영등포구,109702
Step8,아파트단지(단지 내 편의시설),3110969,베르사이유1아파트,골목상권,강남구,55302
Step8,아파트단지(단지 내 편의시설),3110903,방배아이파크아파트,골목상권,서초구,92803
Step8,아파트단지(단지 내 편의시설),3110934,우면주공아파트,골목상권,서초구,80617
Step8,아파트단지(단지 내 편의시설),3110879,신림현대아파트,골목상권,관악구,51568
Step8,아파트단지(단지 내 편의시설),3110864,신림우방아파트,골목상권,관악구,106563
Step8,아파트단지(단지 내 편의시설),3111066,암사동성당(효정하나플러스아파트),골목상권,강동구,106562
Step8,아파트단지(단지 내 편의시설),3120124,개봉동 현대아파트,발달상권,구로구,150870
Step8,아파트단지(단지 내 편의시설),3120219,은마아파트,발달상권,강남구,149660
Step8,아파트단지(단지 내 편의시설),3120199,경복아파트교차로,발달상권,강남구,112742
Step8,아파트단지(단지 내 편의시설),3120206,개나리아파트,발달상권,강남구,148412
Step9,단독병원(병원이 앵커인 상권),3110277,러스크서울병원,골목상권,중랑구,118173
Step9,단독병원(병원이 앵커인 상권),3110273,장스여성병원,골목상권,중랑구,69230
Step9,단독병원(병원이 앵커인 상권),3110389,한일병원,골목상권,도봉구,52890
Step9,단독병원(병원이 앵커인 상권),3110402,도봉구 정병원,골목상권,도봉구,118386
Step9,단독병원(병원이 앵커인 상권),3110450,시립서북병원,골목상권,은평구,195983
Step9,단독병원(병원이 앵커인 상권),3110595,메디힐병원,골목상권,양천구,187236
Step9,단독병원(병원이 앵커인 상권),3110467,은평요양병원,골목상권,은평구,59339
Step9,단독병원(병원이 앵커인 상권),3110789,대림성모병원,골목상권,영등포구,86491
Step9,단독병원(병원이 앵커인 상권),3120091,본서부병원,발달상권,은평구,113175
Step9,단독병원(병원이 앵커인 상권),3120146,한강성심병원,발달상권,영등포구,140562
Step9,단독병원(병원이 앵커인 상권),3120190,강남을지병원,발달상권,강남구,295195
